{
  "name": "jogador-completao-5e",
  "title": "Jogador Completão 5e",
  "description": "Minha tentativa de implementar um compêndio completão do livro do jogaror de D&D5e. Essa empreitada foi/está sendo feita por mim usando por base meu livro do jogador em portugês (tradução oficial Galápagos Jogos)",
  "author": "LeoLonardo",
  "url": "https://github.com/Tensaisenshi/jogador-completao-5e",
  "readme": "https://github.com/Tensaisenshi/jogador-completao-5e/readme.md",
  "manifest": "https://github.com/Tensaisenshi/jogador-completao-5e/latest/releases/download/module.json",
  "download": "https://github.com/Tensaisenshi/jogador-completao-5e/latest/releases/download/module.zip",
  "version": "0.0.1",
  "minimumCoreVersion": "0.9.0",
  "packs": [
  {
	  "name": "armas",
	  "label": "Armas",
	  "path": "packs/armas-jc5e.db",
	  "entity": "Item"
  },
  {
	  "name": "armaduras",
	  "label": "Armaduras",
	  "path": "packs/armaduras-jc5e.db",
	  "entity": "Item"
  }
  ],
  "dependencies": [
  {
      "name": "compendium-folders"
  },
  {
	  "name": "dnd5e",
	  "type": "system"
  }
  ]
}